product_id,category,price,weight_kg,volume_m3
PRD00001,Home,1904.31,3.65,0.267
PRD00002,Beauty,4820.04,5.92,0.324
PRD00003,Electronics,408.76,2.44,0.401
PRD00004,Laptop,2476.88,15.95,0.306
PRD00005,Home,3830.69,5.79,0.209
PRD00006,Beauty,1918.38,5.62,0.045
PRD00007,Electronics,999.52,8.04,0.029
PRD00008,Home,865.68,19.21,0.068
PRD00009,Accessories,474.68,14.5,0.108
PRD00010,Mobile,1580.24,20.93,0.102
PRD00011,Electronics,3879.28,22.02,0.115
PRD00012,Beauty,201.96,15.55,0.025
PRD00013,Mobile,1237.18,23.63,0.39
PRD00014,Grocery,3733.21,10.08,0.214
PRD00015,Mobile,1393.84,9.45,0.404
PRD00016,Accessories,3192.06,15.3,0.103
PRD00017,Laptop,1744.72,16.98,0.066
PRD00018,Fashion,353.41,21.01,0.257
PRD00019,Electronics,1391.24,21.92,0.037
PRD00020,Mobile,368.32,5.6,0.286
PRD00021,Electronics,1559.4,13.15,0.32
PRD00022,Accessories,861.5,0.18,0.199
PRD00023,Home,2894.59,4.95,0.042
PRD00024,Beauty,942.67,20.64,0.114
PRD00025,Grocery,687.91,16.85,0.217
PRD00026,Accessories,1363.59,23.21,0.108
PRD00027,Fashion,1148.74,22.95,0.11
PRD00028,Home,602.21,20.89,0.176
PRD00029,Electronics,1280.37,13.1,0.421
PRD00030,Electronics,549.18,2.66,0.326
PRD00031,Electronics,858.35,10.34,0.238
PRD00032,Home,999.75,9.29,0.319
PRD00033,Grocery,585.15,11.37,0.366
PRD00034,Electronics,689.4,22.3,0.335
PRD00035,Accessories,3315.1,4.8,0.378
PRD00036,Electronics,632.64,12.07,0.143
PRD00037,Grocery,605.02,15.54,0.335
PRD00038,Grocery,4307.03,9.89,0.493
PRD00039,Laptop,1434.38,5.96,0.092
PRD00040,Grocery,1070.81,15.81,0.278
PRD00041,Grocery,1249.4,0.13,0.232
PRD00042,Laptop,1108.34,7.74,0.22
PRD00043,Mobile,1834.66,14.53,0.21
PRD00044,Accessories,517.12,8.61,0.303
PRD00045,Mobile,8014.29,19.35,0.484
PRD00046,Beauty,317.91,10.33,0.219
PRD00047,Beauty,762.26,10.44,0.155
PRD00048,Home,2997.18,3.16,0.375
PRD00049,Beauty,1101.01,4.88,0.162
PRD00050,Grocery,2346.71,2.2,0.417
PRD00051,Electronics,1525.42,19.33,0.366
PRD00052,Home,1112.41,11.01,0.181
PRD00053,Home,707.78,11.83,0.264
PRD00054,Mobile,785.46,4.52,0.181
PRD00055,Electronics,2478.73,12.26,0.391
PRD00056,Home,544.27,2.39,0.165
PRD00057,Grocery,808.73,10.13,0.138
PRD00058,Electronics,250.7,20.47,0.454
PRD00059,Electronics,1967.22,14.76,0.175
PRD00060,Home,2444.8,22.97,0.328
PRD00061,Electronics,997.63,10.36,0.048
PRD00062,Mobile,2397.79,8.5,0.199
PRD00063,Electronics,74.61,22.96,0.259
PRD00064,Laptop,586.8,21.15,0.073
PRD00065,Accessories,2987.94,3.98,0.13
PRD00066,Laptop,7389.37,12.56,0.265
PRD00067,Fashion,473.75,19.59,0.116
PRD00068,Electronics,583.75,22.48,0.466
PRD00069,Beauty,907.85,9.67,0.435
PRD00070,Beauty,846.48,3.14,0.179
PRD00071,Home,2559.81,8.97,0.482
PRD00072,Fashion,2356.18,8.88,0.311
PRD00073,Laptop,2955.61,8.99,0.211
PRD00074,Grocery,1604.77,10.51,0.039
PRD00075,Accessories,2223.25,20.53,0.36
PRD00076,Mobile,2022.36,14.85,0.286
PRD00077,Mobile,706.68,12.26,0.083
PRD00078,Mobile,1043.42,0.33,0.368
PRD00079,Fashion,557.85,1.73,0.488
PRD00080,Home,3715.13,3.86,0.249
PRD00081,Accessories,653.54,12.87,0.106
PRD00082,Beauty,795.61,9.08,0.307
PRD00083,Home,1523.45,5.88,0.351
PRD00084,Accessories,161.96,15.9,0.35
PRD00085,Fashion,1607.05,15.64,0.072
PRD00086,Beauty,954.3,24.38,0.289
PRD00087,Fashion,517.71,11.11,0.369
PRD00088,Home,3517.9,21.65,0.481
PRD00089,Fashion,1110.46,2.28,0.293
PRD00090,Beauty,1169.63,5.19,0.328
PRD00091,Mobile,1372.58,16.56,0.455
PRD00092,Electronics,207.29,19.84,0.02
PRD00093,Beauty,652.43,14.76,0.298
PRD00094,Grocery,1569.8,19.4,0.409
PRD00095,Accessories,2858.14,16.7,0.084
PRD00096,Fashion,2396.23,17.15,0.241
PRD00097,Mobile,1995.97,5.84,0.239
PRD00098,Home,912.48,1.68,0.318
PRD00099,Laptop,1310.28,5.25,0.252
PRD00100,Home,11326.14,11.53,0.021
PRD00101,Fashion,834.18,24.32,0.238
PRD00102,Home,1350.12,18.78,0.275
PRD00103,Mobile,1956.11,1.72,0.458
PRD00104,Beauty,2812.2,19.23,0.119
PRD00105,Laptop,1955.83,17.55,0.053
PRD00106,Electronics,469.58,22.64,0.376
PRD00107,Home,1060.7,2.25,0.454
PRD00108,Accessories,1393.7,20.34,0.01
PRD00109,Accessories,912.74,8.85,0.436
PRD00110,Mobile,1108.97,16.88,0.427
PRD00111,Electronics,3613.54,12.21,0.256
PRD00112,Accessories,1406.29,14.99,0.079
PRD00113,Electronics,2354.72,4.07,0.195
PRD00114,Fashion,1492.45,23.02,0.163
PRD00115,Fashion,1429.24,21.1,0.08
PRD00116,Grocery,2216.77,19.7,0.025
PRD00117,Fashion,323.15,16.06,0.385
PRD00118,Mobile,610.92,8.69,0.42
PRD00119,Electronics,3921.91,18.16,0.078
PRD00120,Fashion,1422.95,18.31,0.415
PRD00121,Grocery,624.47,9.22,0.421
PRD00122,Accessories,1125.58,2.62,0.079
PRD00123,Electronics,1207.75,7.67,0.41
PRD00124,Grocery,483.56,14.6,0.338
PRD00125,Grocery,1025.96,9.33,0.254
PRD00126,Accessories,230.15,17.24,0.231
PRD00127,Electronics,948.69,22.22,0.413
PRD00128,Home,674.33,20.84,0.099
PRD00129,Home,1192.22,17.21,0.466
PRD00130,Grocery,5868.17,3.31,0.093
PRD00131,Laptop,4062.37,16.13,0.134
PRD00132,Grocery,1937.31,15.59,0.285
PRD00133,Electronics,1155.98,11.33,0.428
PRD00134,Fashion,893.39,16.42,0.278
PRD00135,Electronics,1395.9,6.34,0.239
PRD00136,Beauty,1963.37,16.84,0.412
PRD00137,Electronics,2416.72,17.1,0.082
PRD00138,Beauty,515.02,3.91,0.256
PRD00139,Fashion,480.05,2.28,0.45
PRD00140,Home,897.56,4.87,0.19
PRD00141,Electronics,559.25,3.54,0.267
PRD00142,Beauty,1038.3,17.51,0.424
PRD00143,Grocery,1224.76,7.24,0.294
PRD00144,Grocery,2669.38,15.61,0.151
PRD00145,Electronics,495.57,7.47,0.466
PRD00146,Mobile,1648.57,12.8,0.084
PRD00147,Grocery,440.52,0.97,0.437
PRD00148,Fashion,1935.87,10.92,0.391
PRD00149,Accessories,1318.94,2.51,0.167
PRD00150,Grocery,2671.02,6.4,0.306
PRD00151,Fashion,292.58,16.4,0.026
PRD00152,Laptop,286.51,3.39,0.445
PRD00153,Grocery,669.37,2.88,0.324
PRD00154,Accessories,445.21,19.56,0.313
PRD00155,Home,3063.36,2.3,0.374
PRD00156,Laptop,1521.93,22.32,0.327
PRD00157,Electronics,2587.15,20.61,0.204
PRD00158,Fashion,3304.52,21.47,0.142
PRD00159,Fashion,1012.35,14.92,0.321
PRD00160,Mobile,526.18,14.16,0.111
PRD00161,Home,843.32,20.66,0.36
PRD00162,Fashion,1528.85,8.95,0.217
PRD00163,Beauty,2071.14,1.95,0.05
PRD00164,Grocery,461.58,11.33,0.019
PRD00165,Electronics,924.24,9.59,0.17
PRD00166,Fashion,2033.55,7.54,0.056
PRD00167,Beauty,345.55,8.74,0.175
PRD00168,Fashion,1813.65,8.56,0.441
PRD00169,Fashion,2613.9,19.62,0.161
PRD00170,Electronics,87.56,19.04,0.098
PRD00171,Mobile,598.69,17.25,0.24
PRD00172,Fashion,1562.54,1.72,0.304
PRD00173,Beauty,497.34,23.39,0.121
PRD00174,Fashion,1822.75,7.85,0.371
PRD00175,Laptop,3104.25,3.06,0.413
PRD00176,Accessories,1977.19,14.26,0.387
PRD00177,Accessories,1258.93,17.27,0.252
PRD00178,Electronics,635.8,20.9,0.47
PRD00179,Accessories,1004.64,1.55,0.054
PRD00180,Electronics,3784.9,5.77,0.012
PRD00181,Accessories,182.46,1.24,0.128
PRD00182,Electronics,724.9,18.53,0.406
PRD00183,Beauty,497.4,12.66,0.259
PRD00184,Accessories,3683.36,8.76,0.348
PRD00185,Home,1834.81,0.27,0.444
PRD00186,Grocery,1193.01,23.73,0.082
PRD00187,Electronics,1869.39,5.5,0.428
PRD00188,Mobile,397.64,22.87,0.024
PRD00189,Fashion,824.88,15.52,0.18
PRD00190,Beauty,1101.11,21.16,0.46
PRD00191,Mobile,1816.51,21.68,0.057
PRD00192,Accessories,1094.77,8.97,0.177
PRD00193,Laptop,2385.08,7.59,0.196
PRD00194,Fashion,656.57,2.24,0.265
PRD00195,Fashion,657.86,0.21,0.045
PRD00196,Fashion,2371.04,5.53,0.254
PRD00197,Accessories,746.53,17.74,0.278
PRD00198,Laptop,1368.85,15.53,0.465
PRD00199,Home,2551.43,16.86,0.015
PRD00200,Laptop,2036.91,24.92,0.322
PRD00201,Laptop,101.93,5.93,0.244
PRD00202,Electronics,620.38,18.36,0.135
PRD00203,Home,786.74,21.47,0.296
PRD00204,Mobile,1630.01,20.96,0.214
PRD00205,Electronics,2811.49,9.14,0.477
PRD00206,Laptop,468.07,18.54,0.22
PRD00207,Accessories,1306.45,14.93,0.485
PRD00208,Beauty,398.99,18.62,0.134
PRD00209,Electronics,1674.56,3.07,0.351
PRD00210,Home,311.65,2.07,0.291
PRD00211,Electronics,1599.7,23.23,0.466
PRD00212,Fashion,1844.93,4.14,0.122
PRD00213,Fashion,943.94,9.56,0.03
PRD00214,Electronics,1454.41,22.49,0.045
PRD00215,Beauty,328.92,0.78,0.152
PRD00216,Electronics,1245.76,16.63,0.054
PRD00217,Home,1574.39,1.55,0.208
PRD00218,Beauty,2126.95,20.24,0.467
PRD00219,Mobile,3545.68,21.93,0.233
PRD00220,Mobile,2528.39,17.71,0.293
PRD00221,Accessories,1913.85,19.77,0.072
PRD00222,Mobile,1456.83,23.31,0.034
PRD00223,Mobile,572.19,19.52,0.017
PRD00224,Home,2387.29,5.59,0.049
PRD00225,Home,605.64,23.2,0.211
PRD00226,Beauty,1789.96,18.01,0.414
PRD00227,Beauty,1052.02,16.81,0.189
PRD00228,Grocery,1791.76,7.16,0.347
PRD00229,Mobile,3472.68,5.04,0.36
PRD00230,Grocery,238.86,24.24,0.274
PRD00231,Fashion,2794.53,3.87,0.203
PRD00232,Laptop,1156.2,4.43,0.278
PRD00233,Electronics,1994.65,20.79,0.327
PRD00234,Beauty,1297.46,19.39,0.318
PRD00235,Beauty,685.79,0.71,0.428
PRD00236,Beauty,1180.38,7.12,0.182
PRD00237,Grocery,694.4,24.04,0.06
PRD00238,Beauty,1042.56,24.21,0.357
PRD00239,Accessories,1778.63,16.2,0.278
PRD00240,Fashion,1036.77,16.82,0.101
PRD00241,Electronics,551.31,7.11,0.303
PRD00242,Laptop,2331.05,0.63,0.036
PRD00243,Beauty,698.17,9.21,0.184
PRD00244,Electronics,7474.53,21.5,0.048
PRD00245,Fashion,1769.77,16.01,0.133
PRD00246,Laptop,1082.6,24.56,0.409
PRD00247,Electronics,2208.69,13.95,0.312
PRD00248,Mobile,295.21,3.15,0.326
PRD00249,Home,642.52,13.68,0.114
PRD00250,Beauty,470.72,22.32,0.215
PRD00251,Beauty,1742.14,2.09,0.276
PRD00252,Home,1630.76,16.37,0.455
PRD00253,Grocery,980.83,3.07,0.22
PRD00254,Electronics,787.89,9.37,0.302
PRD00255,Laptop,1244.49,4.16,0.402
PRD00256,Grocery,1150.19,21.17,0.287
PRD00257,Mobile,673.97,0.96,0.084
PRD00258,Mobile,2784.37,4.27,0.439
PRD00259,Home,1006.86,16.44,0.159
PRD00260,Grocery,1638.62,11.19,0.314
PRD00261,Mobile,914.32,17.51,0.132
PRD00262,Electronics,2655.61,8.28,0.118
PRD00263,Accessories,1810.1,16.29,0.44
PRD00264,Accessories,3059.42,13.32,0.047
PRD00265,Beauty,933.18,0.84,0.271
PRD00266,Fashion,1682.23,9.03,0.457
PRD00267,Home,641.13,6.03,0.119
PRD00268,Fashion,1110.83,19.13,0.042
PRD00269,Home,2828.18,15.37,0.327
PRD00270,Beauty,416.45,14.03,0.096
PRD00271,Home,1441.76,1.12,0.187
PRD00272,Beauty,1218.99,7.36,0.083
PRD00273,Home,2968.98,12.64,0.164
PRD00274,Accessories,3883.68,24.41,0.313
PRD00275,Beauty,836.12,18.9,0.013
PRD00276,Mobile,1885.23,16.95,0.377
PRD00277,Home,171.82,4.71,0.086
PRD00278,Accessories,1069.93,5.25,0.273
PRD00279,Grocery,5279.26,21.5,0.011
PRD00280,Beauty,7218.04,6.75,0.444
PRD00281,Mobile,2466.99,14.64,0.282
PRD00282,Beauty,699.73,23.13,0.249
PRD00283,Mobile,2857.69,3.84,0.096
PRD00284,Beauty,814.14,9.61,0.465
PRD00285,Accessories,836.44,0.54,0.267
PRD00286,Home,5539.66,10.45,0.397
PRD00287,Accessories,1542.44,2.89,0.458
PRD00288,Grocery,1144.42,9.55,0.259
PRD00289,Home,1561.01,23.66,0.492
PRD00290,Laptop,2153.27,16.07,0.284
PRD00291,Home,553.32,6.42,0.395
PRD00292,Grocery,516.68,15.43,0.371
PRD00293,Laptop,1857.86,23.23,0.219
PRD00294,Fashion,1317.93,17.88,0.415
PRD00295,Fashion,1014.16,6.56,0.053
PRD00296,Beauty,282.25,17.48,0.29
PRD00297,Beauty,378.15,4.82,0.147
PRD00298,Mobile,757.08,24.56,0.482
PRD00299,Mobile,1653.67,23.47,0.239
PRD00300,Grocery,1869.12,12.92,0.288
PRD00301,Grocery,239.76,4.12,0.359
PRD00302,Laptop,1595.89,22.82,0.337
PRD00303,Accessories,1172.14,12.68,0.493
PRD00304,Home,3071.48,24.86,0.308
PRD00305,Laptop,353.56,16.83,0.12
PRD00306,Accessories,348.71,24.51,0.359
PRD00307,Electronics,785.37,5.67,0.052
PRD00308,Laptop,476.83,16.16,0.061
PRD00309,Mobile,4065.77,4.11,0.443
PRD00310,Grocery,491.45,4.7,0.309
PRD00311,Fashion,3314.46,13.51,0.156
PRD00312,Accessories,437.75,15.49,0.229
PRD00313,Mobile,409.32,9.05,0.261
PRD00314,Laptop,318.82,9.57,0.167
PRD00315,Electronics,464.11,5.32,0.15
PRD00316,Grocery,634.18,24.31,0.11
PRD00317,Electronics,2200.35,0.39,0.306
PRD00318,Laptop,997.79,21.77,0.092
PRD00319,Mobile,1656.22,20.55,0.045
PRD00320,Laptop,2650.34,1.87,0.08
PRD00321,Grocery,2436.86,6.45,0.114
PRD00322,Grocery,8361.99,5.94,0.368
PRD00323,Beauty,1123.62,20.86,0.039
PRD00324,Laptop,6875.13,1.0,0.412
PRD00325,Grocery,4545.67,10.17,0.225
PRD00326,Home,534.44,0.66,0.27
PRD00327,Fashion,1015.57,3.5,0.117
PRD00328,Mobile,862.55,22.7,0.485
PRD00329,Beauty,1145.72,12.14,0.2
PRD00330,Beauty,2831.43,16.37,0.099
PRD00331,Mobile,777.6,1.73,0.479
PRD00332,Electronics,2753.6,1.38,0.011
PRD00333,Mobile,2438.3,21.14,0.297
PRD00334,Beauty,550.83,11.56,0.017
PRD00335,Accessories,650.26,5.56,0.044
PRD00336,Grocery,906.08,22.43,0.357
PRD00337,Accessories,2000.67,5.29,0.477
PRD00338,Grocery,1028.93,1.95,0.402
PRD00339,Fashion,565.58,16.57,0.321
PRD00340,Accessories,805.74,23.36,0.145
PRD00341,Laptop,1180.05,11.46,0.214
PRD00342,Laptop,1148.59,9.28,0.492
PRD00343,Mobile,1945.85,11.29,0.442
PRD00344,Laptop,1270.31,11.62,0.087
PRD00345,Electronics,2440.54,0.95,0.149
PRD00346,Beauty,1359.05,23.66,0.142
PRD00347,Accessories,293.19,6.59,0.202
PRD00348,Grocery,503.25,21.31,0.172
PRD00349,Beauty,483.63,4.61,0.405
PRD00350,Accessories,2111.24,3.28,0.389
PRD00351,Laptop,1741.08,11.57,0.272
PRD00352,Fashion,6239.8,3.22,0.131
PRD00353,Mobile,1821.24,17.75,0.433
PRD00354,Home,2432.12,17.58,0.182
PRD00355,Fashion,734.2,11.63,0.144
PRD00356,Accessories,341.11,7.41,0.358
PRD00357,Beauty,1844.42,6.51,0.209
PRD00358,Electronics,620.84,6.96,0.413
PRD00359,Grocery,1367.73,15.06,0.018
PRD00360,Fashion,1044.33,20.4,0.348
PRD00361,Beauty,547.95,12.36,0.337
PRD00362,Grocery,527.98,22.5,0.091
PRD00363,Beauty,1658.21,8.01,0.121
PRD00364,Laptop,545.83,17.22,0.04
PRD00365,Laptop,6260.46,9.68,0.072
PRD00366,Electronics,1617.43,8.63,0.221
PRD00367,Home,1059.93,8.54,0.451
PRD00368,Grocery,404.85,1.7,0.338
PRD00369,Fashion,1981.7,13.09,0.066
PRD00370,Beauty,3660.54,15.24,0.288
PRD00371,Mobile,2111.18,3.82,0.351
PRD00372,Beauty,1215.66,11.51,0.076
PRD00373,Fashion,1138.51,7.69,0.477
PRD00374,Laptop,911.2,15.85,0.384
PRD00375,Mobile,295.66,19.21,0.239
PRD00376,Fashion,755.27,24.99,0.3
PRD00377,Fashion,746.75,10.73,0.128
PRD00378,Accessories,2049.43,19.41,0.381
PRD00379,Accessories,3789.45,9.08,0.44
PRD00380,Home,1803.14,23.07,0.335
PRD00381,Laptop,2547.15,24.52,0.294
PRD00382,Fashion,801.74,16.53,0.427
PRD00383,Fashion,476.27,10.64,0.31
PRD00384,Mobile,1763.27,11.65,0.343
PRD00385,Home,591.18,0.81,0.029
PRD00386,Fashion,738.37,8.98,0.021
PRD00387,Laptop,1191.47,18.63,0.299
PRD00388,Mobile,267.04,13.41,0.129
PRD00389,Home,450.56,22.29,0.048
PRD00390,Laptop,429.05,4.37,0.068
PRD00391,Electronics,2285.07,23.08,0.247
PRD00392,Electronics,5380.51,11.72,0.216
PRD00393,Home,380.49,16.74,0.355
PRD00394,Electronics,2728.38,5.37,0.302
PRD00395,Accessories,497.89,8.8,0.178
PRD00396,Electronics,8040.77,24.28,0.028
PRD00397,Beauty,970.51,14.21,0.372
PRD00398,Home,2768.5,11.46,0.494
PRD00399,Fashion,845.09,16.79,0.243
PRD00400,Grocery,1531.92,9.09,0.182
PRD00401,Accessories,968.89,14.93,0.401
PRD00402,Laptop,409.0,7.29,0.389
PRD00403,Accessories,296.37,19.7,0.305
PRD00404,Fashion,1466.71,23.88,0.151
PRD00405,Mobile,1142.58,11.42,0.439
PRD00406,Mobile,1555.5,4.03,0.236
PRD00407,Accessories,1379.24,1.16,0.49
PRD00408,Grocery,513.64,0.3,0.467
PRD00409,Accessories,2591.9,9.02,0.13
PRD00410,Fashion,1610.48,4.41,0.27
PRD00411,Mobile,1738.24,0.85,0.051
PRD00412,Laptop,826.44,5.47,0.05
PRD00413,Fashion,676.13,19.34,0.211
PRD00414,Mobile,5696.11,16.16,0.323
PRD00415,Beauty,557.95,10.88,0.439
PRD00416,Mobile,863.96,19.93,0.192
PRD00417,Home,950.55,4.99,0.433
PRD00418,Mobile,2583.53,12.39,0.223
PRD00419,Beauty,2013.33,13.8,0.112
PRD00420,Laptop,596.67,6.56,0.197
PRD00421,Beauty,3327.77,5.26,0.372
PRD00422,Fashion,1242.47,22.91,0.204
PRD00423,Accessories,813.06,20.45,0.055
PRD00424,Mobile,181.11,9.74,0.024
PRD00425,Beauty,1897.84,4.09,0.135
PRD00426,Electronics,1121.07,17.5,0.348
PRD00427,Grocery,345.25,1.76,0.119
PRD00428,Mobile,1690.54,16.01,0.155
PRD00429,Beauty,1471.66,1.34,0.053
PRD00430,Home,2603.65,7.09,0.291
PRD00431,Electronics,1359.47,9.16,0.325
PRD00432,Electronics,2909.07,19.65,0.186
PRD00433,Home,1186.74,4.01,0.278
PRD00434,Laptop,2101.92,19.16,0.297
PRD00435,Grocery,795.69,11.64,0.189
PRD00436,Home,1161.12,1.19,0.344
PRD00437,Home,729.24,14.48,0.226
PRD00438,Fashion,463.39,17.57,0.424
PRD00439,Accessories,716.88,4.73,0.255
PRD00440,Laptop,581.13,2.07,0.373
PRD00441,Accessories,1923.74,5.27,0.448
PRD00442,Laptop,314.8,3.51,0.347
PRD00443,Accessories,546.38,13.74,0.219
PRD00444,Fashion,344.3,13.13,0.343
PRD00445,Laptop,2515.89,10.49,0.021
PRD00446,Home,539.96,21.18,0.148
PRD00447,Mobile,1531.84,10.23,0.329
PRD00448,Home,1794.15,24.8,0.161
PRD00449,Electronics,433.83,21.8,0.281
PRD00450,Grocery,962.21,2.64,0.303
PRD00451,Mobile,237.36,0.57,0.116
PRD00452,Accessories,850.05,5.23,0.361
PRD00453,Home,1548.42,20.78,0.449
PRD00454,Laptop,3002.86,24.94,0.093
PRD00455,Electronics,259.98,9.7,0.32
PRD00456,Grocery,3222.38,12.65,0.407
PRD00457,Fashion,1454.81,24.14,0.054
PRD00458,Grocery,217.48,6.79,0.06
PRD00459,Home,2454.89,6.12,0.169
PRD00460,Beauty,803.54,21.42,0.084
PRD00461,Accessories,2055.43,18.55,0.186
PRD00462,Laptop,502.6,0.36,0.197
PRD00463,Fashion,2431.22,10.55,0.181
PRD00464,Home,2437.32,17.58,0.475
PRD00465,Fashion,654.17,24.07,0.309
PRD00466,Accessories,1917.42,2.9,0.175
PRD00467,Accessories,1847.42,13.28,0.077
PRD00468,Grocery,1504.22,3.18,0.17
PRD00469,Beauty,1023.02,19.45,0.236
PRD00470,Accessories,739.09,20.78,0.332
PRD00471,Fashion,693.55,8.81,0.274
PRD00472,Mobile,670.47,16.99,0.095
PRD00473,Home,1402.2,1.48,0.307
PRD00474,Mobile,751.55,15.06,0.496
PRD00475,Fashion,2824.57,2.33,0.439
PRD00476,Grocery,2549.02,8.07,0.163
PRD00477,Accessories,4762.13,7.43,0.391
PRD00478,Beauty,860.24,6.22,0.07
PRD00479,Home,1618.75,22.75,0.041
PRD00480,Grocery,1315.12,9.85,0.151
PRD00481,Mobile,660.72,10.33,0.481
PRD00482,Laptop,1042.04,14.22,0.116
PRD00483,Accessories,788.49,1.69,0.183
PRD00484,Beauty,2962.33,20.37,0.118
PRD00485,Mobile,424.14,22.46,0.154
PRD00486,Beauty,533.12,6.08,0.464
PRD00487,Grocery,1737.73,19.77,0.374
PRD00488,Laptop,501.77,13.3,0.262
PRD00489,Accessories,1699.57,19.84,0.112
PRD00490,Accessories,2312.43,24.16,0.369
PRD00491,Grocery,4814.88,16.03,0.403
PRD00492,Home,344.67,17.55,0.424
PRD00493,Electronics,362.22,4.8,0.263
PRD00494,Fashion,249.37,10.1,0.336
PRD00495,Fashion,2530.46,4.29,0.459
PRD00496,Home,1395.14,5.59,0.363
PRD00497,Grocery,5015.95,13.45,0.33
PRD00498,Electronics,1082.27,18.83,0.105
PRD00499,Beauty,2199.35,20.92,0.344
PRD00500,Fashion,813.42,7.7,0.111
PRD00501,Beauty,438.29,17.28,0.234
PRD00502,Grocery,4600.23,8.83,0.256
PRD00503,Grocery,1949.46,2.58,0.042
PRD00504,Accessories,1641.01,8.57,0.029
PRD00505,Grocery,3145.74,8.76,0.243
PRD00506,Grocery,1078.31,14.4,0.458
PRD00507,Fashion,1285.46,0.35,0.103
PRD00508,Electronics,1833.59,5.12,0.303
PRD00509,Fashion,727.91,7.31,0.259
PRD00510,Accessories,1348.82,19.31,0.179
PRD00511,Home,67.66,23.18,0.424
PRD00512,Beauty,143.01,21.46,0.092
PRD00513,Electronics,918.41,13.66,0.311
PRD00514,Fashion,2140.94,10.81,0.178
PRD00515,Accessories,1177.39,20.96,0.385
PRD00516,Grocery,292.61,12.8,0.178
PRD00517,Home,1457.82,23.03,0.165
PRD00518,Laptop,399.73,19.85,0.172
PRD00519,Home,456.76,5.73,0.062
PRD00520,Mobile,869.07,2.83,0.318
PRD00521,Beauty,629.68,23.43,0.303
PRD00522,Laptop,462.11,2.77,0.191
PRD00523,Electronics,594.77,20.5,0.012
PRD00524,Electronics,1732.71,12.11,0.179
PRD00525,Grocery,550.44,10.64,0.462
PRD00526,Mobile,543.69,16.35,0.07
PRD00527,Beauty,1563.74,0.5,0.46
PRD00528,Beauty,2664.72,1.28,0.309
PRD00529,Mobile,3997.97,21.22,0.071
PRD00530,Electronics,3636.99,13.41,0.291
PRD00531,Home,1857.55,12.57,0.382
PRD00532,Beauty,160.6,3.73,0.024
PRD00533,Home,936.58,19.81,0.167
PRD00534,Laptop,1580.17,0.2,0.116
PRD00535,Grocery,311.83,12.67,0.481
PRD00536,Home,2441.47,15.94,0.379
PRD00537,Fashion,14560.67,24.6,0.306
PRD00538,Laptop,668.87,13.59,0.438
PRD00539,Beauty,370.35,17.78,0.088
PRD00540,Beauty,135.57,3.34,0.313
PRD00541,Grocery,887.98,20.13,0.162
PRD00542,Home,389.09,18.58,0.171
PRD00543,Home,253.58,11.78,0.266
PRD00544,Electronics,644.35,23.57,0.241
PRD00545,Electronics,1185.58,7.23,0.395
PRD00546,Electronics,2432.39,8.13,0.449
PRD00547,Mobile,1406.02,12.08,0.307
PRD00548,Grocery,631.93,2.87,0.486
PRD00549,Accessories,492.75,22.25,0.232
PRD00550,Electronics,2436.25,4.73,0.221
PRD00551,Laptop,2786.08,0.63,0.441
PRD00552,Fashion,488.69,10.87,0.065
PRD00553,Fashion,655.46,15.61,0.153
PRD00554,Electronics,507.02,9.6,0.373
PRD00555,Home,3009.86,19.41,0.402
PRD00556,Home,1485.89,4.53,0.136
PRD00557,Electronics,949.44,21.27,0.012
PRD00558,Fashion,971.43,15.73,0.438
PRD00559,Mobile,1182.59,16.71,0.101
PRD00560,Grocery,1681.15,24.61,0.372
PRD00561,Grocery,1310.98,15.49,0.101
PRD00562,Laptop,21086.76,14.97,0.044
PRD00563,Fashion,3236.0,9.0,0.054
PRD00564,Mobile,5002.16,13.8,0.224
PRD00565,Mobile,634.45,1.62,0.052
PRD00566,Mobile,263.43,3.69,0.281
PRD00567,Grocery,511.89,15.8,0.302
PRD00568,Electronics,587.67,8.52,0.469
PRD00569,Electronics,406.79,22.23,0.354
PRD00570,Laptop,792.14,18.75,0.426
PRD00571,Mobile,1581.49,5.77,0.312
PRD00572,Grocery,1497.88,16.92,0.153
PRD00573,Home,1224.64,7.76,0.405
PRD00574,Fashion,2624.0,16.14,0.313
PRD00575,Beauty,974.48,4.13,0.46
PRD00576,Grocery,3430.79,21.65,0.132
PRD00577,Electronics,2436.8,24.31,0.39
PRD00578,Fashion,715.66,1.4,0.21
PRD00579,Fashion,944.06,16.93,0.028
PRD00580,Accessories,3699.78,5.37,0.382
PRD00581,Home,431.3,4.94,0.096
PRD00582,Mobile,730.09,8.75,0.295
PRD00583,Fashion,4197.11,13.07,0.175
PRD00584,Accessories,3008.79,13.4,0.091
PRD00585,Grocery,479.64,21.01,0.09
PRD00586,Fashion,673.34,18.7,0.043
PRD00587,Grocery,2830.69,2.6,0.388
PRD00588,Mobile,1939.61,14.69,0.346
PRD00589,Home,592.59,19.97,0.393
PRD00590,Grocery,1649.18,16.21,0.257
PRD00591,Fashion,1519.17,11.3,0.218
PRD00592,Accessories,213.41,20.71,0.335
PRD00593,Fashion,3559.27,23.58,0.21
PRD00594,Home,985.83,3.47,0.461
PRD00595,Grocery,1009.91,16.25,0.054
PRD00596,Electronics,1659.93,1.26,0.056
PRD00597,Accessories,914.88,16.42,0.282
PRD00598,Grocery,3693.26,4.93,0.409
PRD00599,Beauty,684.46,15.48,0.436
PRD00600,Mobile,717.62,21.67,0.225
PRD00601,Accessories,2315.37,5.48,0.204
PRD00602,Home,1679.12,15.87,0.421
PRD00603,Electronics,2699.54,1.56,0.467
PRD00604,Grocery,324.36,22.41,0.462
PRD00605,Home,1493.93,4.58,0.02
PRD00606,Accessories,365.04,3.67,0.422
PRD00607,Beauty,2163.49,10.21,0.023
PRD00608,Accessories,2073.91,8.01,0.233
PRD00609,Mobile,1115.22,15.35,0.068
PRD00610,Fashion,182.1,22.71,0.284
PRD00611,Beauty,1026.07,18.31,0.449
PRD00612,Laptop,2768.55,15.07,0.21
PRD00613,Mobile,418.69,17.59,0.028
PRD00614,Mobile,1365.32,11.37,0.278
PRD00615,Laptop,770.28,4.48,0.048
PRD00616,Home,147.51,11.13,0.468
PRD00617,Accessories,695.95,21.99,0.141
PRD00618,Home,560.32,9.7,0.06
PRD00619,Mobile,1218.42,3.81,0.284
PRD00620,Laptop,814.33,10.81,0.056
PRD00621,Grocery,317.61,21.48,0.139
PRD00622,Accessories,772.91,17.5,0.345
PRD00623,Home,1334.53,21.05,0.059
PRD00624,Electronics,371.78,15.3,0.093
PRD00625,Accessories,1939.96,15.99,0.336
PRD00626,Fashion,404.64,13.61,0.394
PRD00627,Grocery,428.41,2.62,0.015
PRD00628,Fashion,1784.01,0.27,0.062
PRD00629,Beauty,1005.23,9.63,0.391
PRD00630,Laptop,1084.0,3.3,0.396
PRD00631,Electronics,690.05,6.18,0.169
PRD00632,Beauty,646.71,12.58,0.344
PRD00633,Grocery,1554.14,19.33,0.473
PRD00634,Electronics,666.62,7.35,0.12
PRD00635,Fashion,588.04,18.16,0.244
PRD00636,Home,1223.08,17.78,0.088
PRD00637,Accessories,206.17,11.84,0.283
PRD00638,Accessories,750.12,17.15,0.435
PRD00639,Beauty,792.38,2.92,0.174
PRD00640,Home,334.79,9.56,0.226
PRD00641,Beauty,979.75,8.07,0.187
PRD00642,Accessories,624.06,18.79,0.107
PRD00643,Accessories,1340.35,17.37,0.212
PRD00644,Mobile,1240.29,1.66,0.061
PRD00645,Mobile,671.68,10.42,0.437
PRD00646,Grocery,1440.25,13.45,0.175
PRD00647,Mobile,1317.77,8.57,0.48
PRD00648,Grocery,319.04,0.44,0.473
PRD00649,Laptop,1460.49,6.67,0.411
PRD00650,Electronics,359.78,17.51,0.125
PRD00651,Laptop,2181.4,5.68,0.409
PRD00652,Mobile,1223.25,19.84,0.198
PRD00653,Laptop,161.82,2.73,0.151
PRD00654,Home,202.39,9.51,0.41
PRD00655,Accessories,1309.76,6.92,0.346
PRD00656,Mobile,2171.58,23.62,0.064
PRD00657,Electronics,1479.34,8.59,0.434
PRD00658,Grocery,269.98,6.61,0.443
PRD00659,Accessories,827.34,2.44,0.342
PRD00660,Laptop,1454.37,10.04,0.124
PRD00661,Accessories,1317.1,3.14,0.194
PRD00662,Laptop,2949.74,13.41,0.094
PRD00663,Grocery,805.84,14.07,0.388
PRD00664,Grocery,661.71,24.05,0.083
PRD00665,Electronics,1511.68,19.36,0.051
PRD00666,Fashion,690.71,20.3,0.132
PRD00667,Mobile,656.62,18.79,0.422
PRD00668,Grocery,2512.54,0.21,0.266
PRD00669,Fashion,2361.68,12.12,0.197
PRD00670,Fashion,770.75,3.78,0.149
PRD00671,Beauty,2300.97,24.95,0.348
PRD00672,Beauty,325.38,8.54,0.03
PRD00673,Laptop,654.86,3.68,0.067
PRD00674,Laptop,2251.55,2.77,0.066
PRD00675,Fashion,3928.97,22.33,0.346
PRD00676,Home,1184.62,2.48,0.474
PRD00677,Beauty,1296.03,24.99,0.316
PRD00678,Fashion,4675.33,20.78,0.099
PRD00679,Accessories,819.97,6.52,0.137
PRD00680,Accessories,3062.84,24.5,0.434
PRD00681,Home,1120.61,10.04,0.3
PRD00682,Beauty,3588.08,13.68,0.445
PRD00683,Laptop,735.06,19.06,0.392
PRD00684,Laptop,3408.32,4.33,0.411
PRD00685,Accessories,1281.83,17.06,0.117
PRD00686,Electronics,1416.49,15.98,0.319
PRD00687,Beauty,549.18,10.91,0.461
PRD00688,Grocery,877.35,19.55,0.184
PRD00689,Laptop,949.63,18.98,0.346
PRD00690,Laptop,361.4,22.09,0.163
PRD00691,Accessories,281.59,19.36,0.216
PRD00692,Mobile,1063.04,10.76,0.409
PRD00693,Electronics,924.33,9.48,0.347
PRD00694,Fashion,4416.85,23.57,0.218
PRD00695,Home,1618.68,21.16,0.137
PRD00696,Home,2449.27,21.41,0.285
PRD00697,Mobile,704.1,19.77,0.423
PRD00698,Accessories,612.28,21.88,0.1
PRD00699,Beauty,1084.1,24.83,0.243
PRD00700,Mobile,2314.46,6.38,0.039
PRD00701,Electronics,735.0,16.68,0.255
PRD00702,Accessories,2231.68,16.46,0.036
PRD00703,Laptop,1217.82,10.5,0.287
PRD00704,Mobile,1011.49,11.48,0.456
PRD00705,Beauty,1597.62,1.6,0.43
PRD00706,Home,785.52,22.58,0.397
PRD00707,Beauty,685.31,12.57,0.336
PRD00708,Electronics,835.87,20.5,0.258
PRD00709,Home,1951.01,1.29,0.166
PRD00710,Fashion,1166.36,11.01,0.323
PRD00711,Fashion,504.21,14.83,0.079
PRD00712,Grocery,697.18,8.32,0.432
PRD00713,Fashion,634.82,10.55,0.259
PRD00714,Beauty,2258.4,14.22,0.157
PRD00715,Grocery,3737.65,17.18,0.476
PRD00716,Fashion,1277.96,6.04,0.342
PRD00717,Home,1399.49,1.63,0.188
PRD00718,Mobile,1131.36,2.22,0.297
PRD00719,Laptop,775.45,5.19,0.27
PRD00720,Mobile,1761.11,8.95,0.415
PRD00721,Home,1565.03,21.39,0.252
PRD00722,Fashion,906.41,13.73,0.05
PRD00723,Laptop,567.11,10.9,0.186
PRD00724,Fashion,1402.17,10.43,0.293
PRD00725,Mobile,809.45,2.73,0.33
PRD00726,Laptop,739.3,1.42,0.333
PRD00727,Grocery,460.43,24.01,0.227
PRD00728,Beauty,646.32,8.87,0.072
PRD00729,Fashion,1658.4,5.11,0.098
PRD00730,Accessories,619.84,8.12,0.458
PRD00731,Home,3381.18,18.0,0.475
PRD00732,Laptop,1581.08,17.29,0.071
PRD00733,Electronics,1835.79,5.45,0.415
PRD00734,Home,514.55,22.0,0.213
PRD00735,Home,526.53,23.45,0.249
PRD00736,Mobile,873.35,17.73,0.087
PRD00737,Laptop,3663.57,14.99,0.196
PRD00738,Laptop,1302.59,15.41,0.498
PRD00739,Laptop,1127.13,21.4,0.241
PRD00740,Accessories,5459.84,11.36,0.283
PRD00741,Electronics,735.49,9.49,0.368
PRD00742,Beauty,927.55,12.24,0.429
PRD00743,Mobile,711.14,16.14,0.411
PRD00744,Electronics,668.29,17.42,0.228
PRD00745,Laptop,1444.12,20.89,0.453
PRD00746,Accessories,2000.44,13.3,0.298
PRD00747,Grocery,2542.96,1.01,0.319
PRD00748,Accessories,933.08,23.63,0.163
PRD00749,Beauty,512.49,16.04,0.469
PRD00750,Fashion,2688.32,9.29,0.48
PRD00751,Mobile,345.42,19.13,0.187
PRD00752,Home,311.54,8.26,0.101
PRD00753,Grocery,6122.66,12.0,0.193
PRD00754,Grocery,833.9,10.27,0.049
PRD00755,Grocery,1231.01,1.75,0.318
PRD00756,Accessories,5643.27,5.32,0.078
PRD00757,Beauty,2292.62,13.09,0.052
PRD00758,Fashion,2592.9,7.38,0.089
PRD00759,Beauty,1660.25,17.57,0.222
PRD00760,Mobile,1545.82,19.8,0.342
PRD00761,Home,1081.25,4.77,0.043
PRD00762,Laptop,1229.84,15.64,0.468
PRD00763,Fashion,1915.38,12.99,0.098
PRD00764,Laptop,2178.46,6.93,0.148
PRD00765,Grocery,2238.47,3.51,0.026
PRD00766,Accessories,1526.05,12.84,0.45
PRD00767,Accessories,1073.69,6.32,0.386
PRD00768,Fashion,1721.9,4.32,0.414
PRD00769,Mobile,800.29,4.67,0.065
PRD00770,Grocery,2030.76,15.29,0.491
PRD00771,Beauty,290.22,20.71,0.36
PRD00772,Laptop,814.85,1.94,0.138
PRD00773,Electronics,400.26,22.08,0.102
PRD00774,Beauty,698.47,19.85,0.373
PRD00775,Accessories,325.83,20.47,0.076
PRD00776,Beauty,1148.51,4.25,0.298
PRD00777,Grocery,6001.44,6.39,0.478
PRD00778,Home,1540.43,8.43,0.073
PRD00779,Home,468.59,24.06,0.257
PRD00780,Grocery,989.46,15.05,0.247
PRD00781,Beauty,663.13,24.14,0.165
PRD00782,Laptop,729.33,1.55,0.257
PRD00783,Electronics,2101.19,9.51,0.467
PRD00784,Home,489.65,10.95,0.341
PRD00785,Accessories,3279.95,6.27,0.305
PRD00786,Beauty,1331.5,0.93,0.174
PRD00787,Home,2168.5,11.89,0.373
PRD00788,Electronics,827.74,11.83,0.164
PRD00789,Fashion,1250.37,16.06,0.251
PRD00790,Beauty,1741.79,4.72,0.419
PRD00791,Mobile,623.62,23.43,0.179
PRD00792,Beauty,3422.59,1.07,0.138
PRD00793,Fashion,2691.56,19.71,0.222
PRD00794,Electronics,758.72,17.55,0.122
PRD00795,Fashion,2970.19,12.82,0.409
PRD00796,Electronics,791.47,4.24,0.133
PRD00797,Fashion,2523.42,23.93,0.038
PRD00798,Accessories,867.39,23.52,0.352
PRD00799,Grocery,297.73,7.17,0.335
PRD00800,Electronics,1010.12,10.57,0.025
PRD00801,Fashion,1159.18,19.75,0.325
PRD00802,Fashion,1281.77,17.88,0.029
PRD00803,Electronics,1820.93,23.93,0.461
PRD00804,Electronics,963.87,24.97,0.045
PRD00805,Accessories,1202.61,22.02,0.347
PRD00806,Accessories,2542.78,4.37,0.424
PRD00807,Accessories,372.09,24.43,0.346
PRD00808,Laptop,751.18,4.71,0.437
PRD00809,Accessories,846.67,22.5,0.365
PRD00810,Mobile,773.14,22.55,0.424
PRD00811,Electronics,654.25,18.05,0.312
PRD00812,Beauty,1138.97,5.88,0.463
PRD00813,Electronics,2427.34,19.43,0.072
PRD00814,Laptop,1792.19,7.06,0.383
PRD00815,Laptop,492.13,10.64,0.127
PRD00816,Laptop,1310.98,18.71,0.077
PRD00817,Mobile,838.07,17.31,0.054
PRD00818,Grocery,1169.68,3.3,0.245
PRD00819,Mobile,1348.5,3.11,0.065
PRD00820,Electronics,1421.01,18.59,0.395
PRD00821,Accessories,2280.6,5.04,0.309
PRD00822,Electronics,861.24,10.44,0.173
PRD00823,Beauty,244.36,5.65,0.275
PRD00824,Mobile,1459.4,13.23,0.407
PRD00825,Fashion,379.58,17.22,0.067
PRD00826,Home,2881.51,4.62,0.297
PRD00827,Electronics,3211.23,15.89,0.086
PRD00828,Beauty,8290.98,20.05,0.439
PRD00829,Beauty,5327.76,20.51,0.329
PRD00830,Laptop,1313.19,10.92,0.345
PRD00831,Beauty,952.59,20.05,0.499
PRD00832,Electronics,1457.06,19.1,0.162
PRD00833,Grocery,1209.37,3.0,0.236
PRD00834,Grocery,477.96,8.48,0.243
PRD00835,Electronics,2202.62,10.98,0.061
PRD00836,Mobile,754.16,16.18,0.391
PRD00837,Home,4981.9,11.21,0.108
PRD00838,Laptop,372.93,14.97,0.354
PRD00839,Fashion,2140.92,21.51,0.459
PRD00840,Mobile,492.66,4.4,0.092
PRD00841,Laptop,1500.01,3.33,0.253
PRD00842,Accessories,2051.54,19.02,0.108
PRD00843,Electronics,3321.6,3.8,0.132
PRD00844,Fashion,1592.95,19.38,0.228
PRD00845,Home,694.61,15.59,0.03
PRD00846,Grocery,547.85,3.79,0.109
PRD00847,Laptop,1579.55,9.07,0.035
PRD00848,Electronics,376.68,3.92,0.013
PRD00849,Fashion,1509.33,15.35,0.112
PRD00850,Fashion,663.55,12.38,0.309
PRD00851,Beauty,1506.66,2.46,0.072
PRD00852,Mobile,996.63,21.43,0.133
PRD00853,Beauty,865.11,4.29,0.257
PRD00854,Accessories,504.84,18.37,0.38
PRD00855,Mobile,2599.02,24.14,0.014
PRD00856,Accessories,448.74,16.19,0.255
PRD00857,Mobile,386.98,3.19,0.461
PRD00858,Mobile,750.84,0.86,0.24
PRD00859,Mobile,769.21,8.88,0.165
PRD00860,Laptop,815.02,11.6,0.252
PRD00861,Mobile,452.44,4.35,0.169
PRD00862,Laptop,1108.18,2.11,0.418
PRD00863,Beauty,940.23,15.97,0.466
PRD00864,Electronics,873.17,3.45,0.225
PRD00865,Laptop,945.75,11.01,0.293
PRD00866,Electronics,242.69,1.16,0.416
PRD00867,Home,1162.5,20.37,0.066
PRD00868,Beauty,752.96,17.08,0.113
PRD00869,Accessories,2118.26,17.64,0.289
PRD00870,Mobile,879.33,20.48,0.419
PRD00871,Home,289.72,22.03,0.181
PRD00872,Fashion,2114.5,4.41,0.284
PRD00873,Home,884.77,12.27,0.274
PRD00874,Laptop,2704.17,12.37,0.117
PRD00875,Fashion,1337.82,16.31,0.42
PRD00876,Electronics,1740.03,16.95,0.069
PRD00877,Grocery,429.88,16.84,0.356
PRD00878,Fashion,333.88,13.96,0.206
PRD00879,Laptop,1237.59,20.61,0.464
PRD00880,Fashion,2510.98,10.63,0.152
PRD00881,Laptop,623.89,8.82,0.258
PRD00882,Beauty,922.42,5.23,0.097
PRD00883,Grocery,649.71,12.38,0.321
PRD00884,Home,862.73,14.75,0.147
PRD00885,Home,2226.44,19.18,0.169
PRD00886,Fashion,1899.65,21.88,0.446
PRD00887,Home,1726.81,21.04,0.333
PRD00888,Laptop,2024.63,24.11,0.319
PRD00889,Fashion,802.62,10.82,0.363
PRD00890,Fashion,788.94,3.6,0.105
PRD00891,Accessories,1400.93,9.77,0.056
PRD00892,Fashion,340.1,4.04,0.265
PRD00893,Mobile,1509.08,2.47,0.103
PRD00894,Accessories,656.27,21.91,0.271
PRD00895,Beauty,1271.0,8.49,0.198
PRD00896,Beauty,1717.37,17.53,0.312
PRD00897,Beauty,3283.27,8.63,0.232
PRD00898,Accessories,477.21,21.28,0.068
PRD00899,Laptop,551.51,1.06,0.483
PRD00900,Electronics,978.69,14.11,0.489
PRD00901,Grocery,2345.78,23.57,0.489
PRD00902,Laptop,2267.89,23.61,0.247
PRD00903,Home,1122.19,14.15,0.414
PRD00904,Grocery,2564.56,20.77,0.414
PRD00905,Beauty,881.23,13.31,0.134
PRD00906,Fashion,2931.06,11.64,0.481
PRD00907,Home,744.16,15.86,0.134
PRD00908,Beauty,2680.84,5.26,0.215
PRD00909,Fashion,1297.24,10.68,0.078
PRD00910,Mobile,400.54,17.54,0.363
PRD00911,Home,1425.67,5.51,0.335
PRD00912,Fashion,1777.53,24.41,0.428
PRD00913,Home,4555.47,0.5,0.117
PRD00914,Accessories,678.4,10.04,0.211
PRD00915,Fashion,186.02,3.37,0.125
PRD00916,Electronics,528.27,3.58,0.18
PRD00917,Mobile,1497.81,9.28,0.267
PRD00918,Laptop,1844.84,2.81,0.392
PRD00919,Accessories,703.5,6.59,0.296
PRD00920,Laptop,3059.62,8.14,0.355
PRD00921,Accessories,741.68,22.13,0.015
PRD00922,Beauty,963.26,11.24,0.136
PRD00923,Beauty,417.12,16.89,0.285
PRD00924,Grocery,840.3,10.16,0.336
PRD00925,Electronics,6341.89,6.99,0.486
PRD00926,Beauty,548.54,11.34,0.101
PRD00927,Mobile,737.86,19.34,0.161
PRD00928,Beauty,597.18,2.15,0.229
PRD00929,Electronics,336.73,11.26,0.024
PRD00930,Laptop,487.14,13.32,0.494
PRD00931,Grocery,1668.98,3.13,0.299
PRD00932,Accessories,942.58,4.32,0.441
PRD00933,Beauty,1812.05,17.34,0.34
PRD00934,Beauty,1481.98,13.26,0.277
PRD00935,Mobile,1468.56,10.88,0.357
PRD00936,Laptop,3414.51,24.1,0.456
PRD00937,Beauty,485.63,23.94,0.124
PRD00938,Fashion,311.83,3.28,0.243
PRD00939,Laptop,4794.03,0.9,0.111
PRD00940,Accessories,207.06,20.09,0.187
PRD00941,Laptop,1220.82,0.63,0.489
PRD00942,Electronics,2098.93,7.99,0.191
PRD00943,Accessories,1818.1,5.7,0.049
PRD00944,Accessories,1629.83,10.73,0.465
PRD00945,Grocery,4383.69,17.74,0.429
PRD00946,Grocery,1268.6,24.61,0.49
PRD00947,Accessories,219.15,19.73,0.354
PRD00948,Home,1615.17,19.61,0.157
PRD00949,Fashion,398.14,5.57,0.191
PRD00950,Beauty,1433.07,17.79,0.159
PRD00951,Beauty,2555.99,22.84,0.422
PRD00952,Accessories,675.11,4.7,0.234
PRD00953,Grocery,2547.15,9.98,0.216
PRD00954,Fashion,2457.77,14.48,0.342
PRD00955,Electronics,1294.81,12.86,0.029
PRD00956,Home,672.09,1.58,0.108
PRD00957,Mobile,3000.66,7.94,0.384
PRD00958,Grocery,628.01,12.5,0.113
PRD00959,Grocery,1969.8,1.0,0.37
PRD00960,Fashion,2275.83,16.75,0.194
PRD00961,Grocery,484.53,14.73,0.095
PRD00962,Electronics,1485.19,2.91,0.108
PRD00963,Laptop,2177.26,9.07,0.277
PRD00964,Laptop,1936.66,20.39,0.25
PRD00965,Fashion,727.18,8.72,0.425
PRD00966,Home,3909.21,8.38,0.243
PRD00967,Laptop,1118.7,15.18,0.201
PRD00968,Laptop,498.17,16.2,0.226
PRD00969,Beauty,260.1,21.5,0.367
PRD00970,Electronics,278.33,11.47,0.323
PRD00971,Mobile,952.74,21.12,0.097
PRD00972,Fashion,3084.86,14.86,0.186
PRD00973,Laptop,12601.88,12.99,0.276
PRD00974,Beauty,586.82,14.69,0.437
PRD00975,Accessories,1228.65,9.46,0.262
PRD00976,Grocery,1679.63,17.6,0.269
PRD00977,Laptop,1852.57,22.23,0.062
PRD00978,Accessories,339.13,1.87,0.488
PRD00979,Electronics,811.92,0.82,0.467
PRD00980,Laptop,3110.57,19.88,0.308
PRD00981,Home,1687.84,16.88,0.453
PRD00982,Laptop,2925.27,10.23,0.269
PRD00983,Fashion,618.37,15.08,0.181
PRD00984,Fashion,2214.72,1.36,0.086
PRD00985,Mobile,1212.29,3.09,0.276
PRD00986,Laptop,496.3,18.37,0.32
PRD00987,Home,1047.41,18.48,0.398
PRD00988,Home,4163.93,6.35,0.43
PRD00989,Grocery,1192.34,24.29,0.042
PRD00990,Mobile,1284.13,3.84,0.452
PRD00991,Home,1168.66,6.79,0.233
PRD00992,Laptop,781.4,9.72,0.102
PRD00993,Beauty,378.26,10.24,0.388
PRD00994,Electronics,1490.79,16.77,0.328
PRD00995,Accessories,364.51,11.19,0.24
PRD00996,Laptop,1097.5,5.15,0.305
PRD00997,Beauty,212.31,5.26,0.08
PRD00998,Mobile,1242.47,22.03,0.47
PRD00999,Accessories,1464.09,24.05,0.239
PRD01000,Grocery,2922.61,1.21,0.193
